Campaign_Name,Date,Spend,Impressions,Reach,Clicks,Searches,View_Content,Add_to_Cart,Purchase
Legion 5 Gen 10,2024-03-01,11126,113402,67526,7761,4284,3419,2087,434
Lenovo LOQ Gen 10,2024-03-01,8830,167738,115933,13738,7082,4006,3201,1032
Apple 2025 MacBook Air,2024-03-01,11805,110682,79060,7831,3717,3626,1928,701
HP Omen,2024-03-01,11084,133066,104311,10272,5701,3764,2878,774
Legion 5 Gen 10,2024-03-02,10562,148437,98959,13247,6731,5058,2781,981
Lenovo LOQ Gen 10,2024-03-02,9797,160231,110806,12833,4977,4065,3279,1057
Apple 2025 MacBook Air,2024-03-02,12390,146275,107170,8179,4308,4191,2826,522
HP Omen,2024-03-02,10913,181215,131681,12964,6484,4610,3498,710
Legion 5 Gen 10,2024-03-03,10269,166303,110793,11726,6341,4166,3191,893
Lenovo LOQ Gen 10,2024-03-03,9291,132851,88445,8598,4543,4129,2087,546
Apple 2025 MacBook Air,2024-03-03,11520,151282,104920,11471,6192,4945,2698,648
HP Omen,2024-03-03,9878,151205,102012,12229,6024,3552,2160,730
Legion 5 Gen 10,2024-03-04,11056,119085,89310,9482,4671,3012,2414,835
Lenovo LOQ Gen 10,2024-03-04,10262,114767,76356,8188,3970,3467,1818,659
Apple 2025 MacBook Air,2024-03-04,11206,118491,84265,7286,3930,3487,1911,458
HP Omen,2024-03-04,9730,100411,84015,6919,4181,2860,1599,667
Legion 5 Gen 10,2024-03-05,10577,143537,98441,11723,5257,4441,2652,595
Lenovo LOQ Gen 10,2024-03-05,10163,125075,93144,9245,5044,3134,2056,863
Apple 2025 MacBook Air,2024-03-05,11627,99966,69051,6450,4166,3291,1797,599
HP Omen,2024-03-05,10183,97802,67644,7720,4477,3429,2021,475
Legion 5 Gen 10,2024-03-06,11291,143146,93732,9855,5776,4040,1922,701
Lenovo LOQ Gen 10,2024-03-06,10089,126515,91332,10989,5655,4375,2062,724
Apple 2025 MacBook Air,2024-03-06,11246,120812,99750,7570,4947,2756,1997,687
HP Omen,2024-03-06,11133,122164,84764,10921,4181,3614,2014,607
Legion 5 Gen 10,2024-03-07,11794,116795,70575,8484,3751,3723,2353,550
Lenovo LOQ Gen 10,2024-03-07,8988,159977,114522,11262,5263,3919,3181,751
Apple 2025 MacBook Air,2024-03-07,12969,136177,100253,9612,3985,3112,2322,502
HP Omen,2024-03-07,9753,159190,100796,11310,5984,4642,2791,891
Legion 5 Gen 10,2024-03-08,10053,115119,80884,8402,5217,3869,1934,525
Lenovo LOQ Gen 10,2024-03-08,9009,139456,108370,11426,6496,4392,3091,977
Apple 2025 MacBook Air,2024-03-08,12743,114386,79939,6431,4583,2964,1704,607
HP Omen,2024-03-08,10915,122070,75285,7507,4218,3664,2268,779
Legion 5 Gen 10,2024-03-09,11693,164062,115458,10453,5417,5257,2229,885
Lenovo LOQ Gen 10,2024-03-09,9378,154687,104469,10322,6017,4629,3064,637
Apple 2025 MacBook Air,2024-03-09,11016,160071,106702,10044,6094,3755,1989,969
HP Omen,2024-03-09,9996,129015,101228,9070,5507,3915,3012,632
Legion 5 Gen 10,2024-03-10,11184,149113,106493,8673,4287,3804,2528,877
Lenovo LOQ Gen 10,2024-03-10,9811,165953,123606,13102,6638,4314,3201,1202
Apple 2025 MacBook Air,2024-03-10,12416,145784,97968,10112,6192,3876,2423,897
HP Omen,2024-03-10,10327,166428,111902,10139,4731,3865,3066,1051
Legion 5 Gen 10,2024-03-11,11166,142152,99228,10467,5035,4105,1971,694
Lenovo LOQ Gen 10,2024-03-11,8649,146482,97480,10138,6521,4643,2652,705
Apple 2025 MacBook Air,2024-03-11,12003,131152,95140,8459,4912,3407,2473,802
HP Omen,2024-03-11,10435,108307,74677,6840,3671,3025,1589,534
Legion 5 Gen 10,2024-03-12,11810,141442,106510,10586,5355,5081,2164,923
Lenovo LOQ Gen 10,2024-03-12,9512,118924,71564,7592,3917,3326,1741,561
Apple 2025 MacBook Air,2024-03-12,12260,114134,79725,7424,3799,3589,1880,612
HP Omen,2024-03-12,9653,91468,63894,6660,3848,2740,1555,524
Legion 5 Gen 10,2024-03-13,11773,127780,87412,9844,4289,3290,2052,515
Lenovo LOQ Gen 10,2024-03-13,8856,142271,107690,12336,5873,4832,3157,868
Apple 2025 MacBook Air,2024-03-13,12015,144499,110440,9084,5486,3978,2218,780
HP Omen,2024-03-13,9659,127938,106094,10414,4957,3510,2478,693
Legion 5 Gen 10,2024-03-14,11600,98817,73583,7136,4391,2585,1728,402
Lenovo LOQ Gen 10,2024-03-14,8998,134329,107056,10702,5518,3823,2234,691
Apple 2025 MacBook Air,2024-03-14,12649,122044,75851,7772,4827,3540,2273,566
HP Omen,2024-03-14,9691,146684,102820,9426,5871,4129,2949,595
Legion 5 Gen 10,2024-03-15,10036,130140,82237,9410,4216,3169,2627,847
Lenovo LOQ Gen 10,2024-03-15,9095,144198,88812,10219,4761,4038,2090,752
Apple 2025 MacBook Air,2024-03-15,12938,113533,78917,9448,5289,3199,2221,778
HP Omen,2024-03-15,9643,124506,92871,9369,5529,4140,1920,527
Legion 5 Gen 10,2024-03-16,11209,185698,119948,12961,7341,5999,3584,1039
Lenovo LOQ Gen 10,2024-03-16,9532,153900,94650,12390,5920,4814,2722,781
Apple 2025 MacBook Air,2024-03-16,11945,145748,104935,10249,5293,4454,2075,604
HP Omen,2024-03-16,9999,156477,105147,11272,6329,4973,2492,924
Legion 5 Gen 10,2024-03-17,10090,133342,90263,8042,4578,3693,1987,615
Lenovo LOQ Gen 10,2024-03-17,9328,140758,99521,11436,6480,3709,2289,773
Apple 2025 MacBook Air,2024-03-17,11928,142488,109537,8835,4406,3944,2689,708
HP Omen,2024-03-17,10385,155800,113562,11862,6251,5104,2751,731
Legion 5 Gen 10,2024-03-18,11909,150179,120659,10313,7277,4834,2205,1009
Lenovo LOQ Gen 10,2024-03-18,9471,110519,82965,8681,4287,2892,2327,646
Apple 2025 MacBook Air,2024-03-18,11868,109142,77024,9075,4237,3486,1615,580
HP Omen,2024-03-18,10408,116301,97473,7870,5403,3673,1950,644
Legion 5 Gen 10,2024-03-19,10823,132192,85591,10378,4620,4318,2054,763
Lenovo LOQ Gen 10,2024-03-19,9805,104320,74283,9160,3948,3783,2364,522
Apple 2025 MacBook Air,2024-03-19,11404,132073,100761,8401,4442,3585,2639,594
HP Omen,2024-03-19,10496,104394,78242,7227,4647,2536,1622,469
Legion 5 Gen 10,2024-03-20,10050,133015,82025,8615,4353,2942,2083,576
Lenovo LOQ Gen 10,2024-03-20,9173,135089,101951,8749,6171,4268,2230,936
Apple 2025 MacBook Air,2024-03-20,11400,122891,90132,9479,4499,3568,2237,758
HP Omen,2024-03-20,10945,113570,75282,9182,4549,2569,2260,651
Legion 5 Gen 10,2024-03-21,11331,135814,88729,9181,5377,3228,2025,821
Lenovo LOQ Gen 10,2024-03-21,9853,136604,99423,9827,4909,3095,2410,768
Apple 2025 MacBook Air,2024-03-21,12770,120372,86059,8786,3561,3216,2132,574
HP Omen,2024-03-21,11435,143998,99172,8776,5660,4532,2669,611
Legion 5 Gen 10,2024-03-22,11074,120232,76701,9573,4910,3471,2091,571
Lenovo LOQ Gen 10,2024-03-22,9045,137734,101012,11557,4532,3307,2160,777
Apple 2025 MacBook Air,2024-03-22,11830,129933,100565,10281,4682,4287,2487,688
HP Omen,2024-03-22,10025,120521,78414,7696,4369,3254,2346,744
Legion 5 Gen 10,2024-03-23,10918,148782,91793,10188,5662,4067,2713,930
Lenovo LOQ Gen 10,2024-03-23,8984,169845,108062,13154,6900,5592,2617,847
Apple 2025 MacBook Air,2024-03-23,12235,151400,110512,9209,4863,3398,2143,664
HP Omen,2024-03-23,10122,162435,119173,13602,5805,4259,3054,601
Legion 5 Gen 10,2024-03-24,11466,143029,99501,9753,6580,4834,2294,713
Lenovo LOQ Gen 10,2024-03-24,9123,129762,99640,10350,5537,3820,2028,756
Apple 2025 MacBook Air,2024-03-24,11228,132019,91933,9012,3830,4202,2149,676
HP Omen,2024-03-24,9617,159518,119945,11781,5872,4173,2647,795
Legion 5 Gen 10,2024-03-25,11458,106093,74940,9129,4873,3123,1697,435
Lenovo LOQ Gen 10,2024-03-25,8589,136738,96756,9985,5975,3308,2488,897
Apple 2025 MacBook Air,2024-03-25,11901,111750,68161,6597,4945,2427,2178,374
HP Omen,2024-03-25,10842,117761,91171,9682,5433,3479,2456,456
Legion 5 Gen 10,2024-03-26,11840,138125,92310,8243,5974,3336,2686,875
Lenovo LOQ Gen 10,2024-03-26,10070,138798,87183,11055,5587,4408,2737,786
Apple 2025 MacBook Air,2024-03-26,11797,130637,98122,7365,5133,3198,1697,507
HP Omen,2024-03-26,9795,120953,82516,9684,5525,3736,2209,575
Legion 5 Gen 10,2024-03-27,11006,138794,102829,9218,5893,3243,2870,562
Lenovo LOQ Gen 10,2024-03-27,8890,166272,117048,11831,6870,5261,2888,909
Apple 2025 MacBook Air,2024-03-27,12464,115668,89790,8275,3943,3931,1764,504
HP Omen,2024-03-27,11365,128918,93469,10584,5859,4070,2570,692
Legion 5 Gen 10,2024-03-28,10014,128123,98131,10783,5035,3253,2297,617
Lenovo LOQ Gen 10,2024-03-28,9293,123175,87964,8246,5307,3944,2469,661
Apple 2025 MacBook Air,2024-03-28,11301,120805,91812,9871,5521,3714,1836,547
HP Omen,2024-03-28,10503,133081,103994,9856,5521,4107,2789,865
Legion 5 Gen 10,2024-03-29,11822,124735,82622,10258,5145,3612,2285,800
Lenovo LOQ Gen 10,2024-03-29,9324,134138,90968,9495,4786,4330,3047,731
Apple 2025 MacBook Air,2024-03-29,11201,141593,88794,7757,5656,3745,2509,503
HP Omen,2024-03-29,11329,115104,80168,7427,3927,2930,2075,537
Legion 5 Gen 10,2024-03-30,11202,173375,117127,10111,7548,5296,3161,1062
Lenovo LOQ Gen 10,2024-03-30,9502,150000,120337,12372,7057,5424,2367,1024
Apple 2025 MacBook Air,2024-03-30,12653,144262,102238,10537,5610,4197,2061,935
HP Omen,2024-03-30,10169,151873,103908,11650,5563,4127,2521,760
Legion 5 Gen 10,2024-03-31,11136,163070,106407,11095,5990,5316,3378,687
Lenovo LOQ Gen 10,2024-03-31,9981,167278,129811,13167,5267,5818,3465,900
Apple 2025 MacBook Air,2024-03-31,11312,137753,101660,10253,4487,3218,1768,737
HP Omen,2024-03-31,11132,169577,131542,13851,7054,5603,2854,817
Legion 5 Gen 10,2024-04-01,11523,148449,109952,10203,5716,3476,2462,881
Lenovo LOQ Gen 10,2024-04-01,10147,144203,105645,11305,6183,4377,2336,618
Apple 2025 MacBook Air,2024-04-01,12546,116749,91859,8548,4275,3019,1644,808
HP Omen,2024-04-01,10779,120636,80068,8836,5009,3437,1941,686
Legion 5 Gen 10,2024-04-02,10058,151174,94236,11961,6559,4596,2230,569
Lenovo LOQ Gen 10,2024-04-02,9804,156283,113829,11556,5328,3987,2221,720
Apple 2025 MacBook Air,2024-04-02,11837,92749,66009,6987,3755,2808,1507,381
HP Omen,2024-04-02,9526,126049,95973,8347,4642,3040,2366,734
Legion 5 Gen 10,2024-04-03,10905,108192,68178,7149,3807,2571,2153,708
Lenovo LOQ Gen 10,2024-04-03,9894,145823,96967,10176,4631,4230,2896,819
Apple 2025 MacBook Air,2024-04-03,11663,104435,75212,7047,4247,3628,2034,584
HP Omen,2024-04-03,9864,118417,76728,9530,3864,4177,2150,510
Legion 5 Gen 10,2024-04-04,11240,139194,103335,11175,4685,3505,2130,915
Lenovo LOQ Gen 10,2024-04-04,8671,139131,108425,8887,5233,3846,2349,671
Apple 2025 MacBook Air,2024-04-04,11956,145650,90392,9793,6135,2886,2088,550
HP Omen,2024-04-04,10160,119637,75516,8529,3951,3574,2281,614
Legion 5 Gen 10,2024-04-05,11678,152578,96749,10303,5369,3875,3098,890
Lenovo LOQ Gen 10,2024-04-05,10305,139840,101365,9330,5490,4199,3067,933
Apple 2025 MacBook Air,2024-04-05,11989,120649,88448,6932,4651,2916,1659,386
HP Omen,2024-04-05,9687,128692,94722,10374,5005,3743,2690,633
Legion 5 Gen 10,2024-04-06,11911,149131,108078,11036,5865,4616,2586,834
Lenovo LOQ Gen 10,2024-04-06,9631,180335,124373,11329,6350,5649,3272,1028
Apple 2025 MacBook Air,2024-04-06,12439,153873,97860,11068,5664,4113,1897,890
HP Omen,2024-04-06,10963,153095,101886,8927,5432,4277,2366,907
Legion 5 Gen 10,2024-04-07,10002,124857,76952,7940,5397,3150,1844,750
Lenovo LOQ Gen 10,2024-04-07,10498,179542,125892,15985,8597,6424,4168,969
Apple 2025 MacBook Air,2024-04-07,11938,168614,111336,12429,7111,5617,2706,602
HP Omen,2024-04-07,11234,134433,97509,9141,4847,4207,2268,843
Legion 5 Gen 10,2024-04-08,10217,166834,110249,12521,7181,3709,2242,867
Lenovo LOQ Gen 10,2024-04-08,10413,137669,94414,11174,4981,4125,2100,707
Apple 2025 MacBook Air,2024-04-08,11780,124128,80319,9556,4881,2992,2200,843
HP Omen,2024-04-08,10451,137310,104288,9185,4949,4532,2038,499
Legion 5 Gen 10,2024-04-09,11418,123395,85881,8071,4624,3570,1650,743
Lenovo LOQ Gen 10,2024-04-09,9413,132323,94258,9231,6145,4143,2574,658
Apple 2025 MacBook Air,2024-04-09,11348,121133,88701,7864,4797,3357,2228,413
HP Omen,2024-04-09,10785,140292,110990,11055,4762,3865,2603,863
Legion 5 Gen 10,2024-04-10,11368,144286,90516,11316,5079,3249,2088,793
Lenovo LOQ Gen 10,2024-04-10,9554,142817,99771,11455,4658,4758,2725,600
Apple 2025 MacBook Air,2024-04-10,12741,98750,76262,7383,4519,3195,1939,458
HP Omen,2024-04-10,10365,139134,89732,11309,4526,3776,2201,568
Legion 5 Gen 10,2024-04-11,11435,121861,83263,9343,4079,4030,2099,702
Lenovo LOQ Gen 10,2024-04-11,9847,140131,102867,11118,5139,3615,2917,926
Apple 2025 MacBook Air,2024-04-11,11209,112101,79620,7668,3775,3207,2170,648
HP Omen,2024-04-11,10530,102059,69345,8425,3133,3027,1743,409
Legion 5 Gen 10,2024-04-12,10737,123448,94359,10451,5516,3040,2071,874
Lenovo LOQ Gen 10,2024-04-12,10323,134708,95228,9751,5746,3923,2307,760
Apple 2025 MacBook Air,2024-04-12,11302,130006,93781,8934,5635,4091,1940,675
HP Omen,2024-04-12,10685,117436,93886,9391,4826,3606,2500,462
Legion 5 Gen 10,2024-04-13,11562,146120,104024,10795,6824,5205,2786,694
Lenovo LOQ Gen 10,2024-04-13,8698,144335,92333,9320,5839,3627,2938,603
Apple 2025 MacBook Air,2024-04-13,11454,141717,103250,10348,6136,3521,2538,837
HP Omen,2024-04-13,9885,171950,107062,10128,6701,4087,2690,708
Legion 5 Gen 10,2024-04-14,10728,137683,99343,9364,4752,3195,2476,583
Lenovo LOQ Gen 10,2024-04-14,9569,165574,127635,11508,7004,5454,2647,882
Apple 2025 MacBook Air,2024-04-14,11241,132632,85390,10334,5528,3240,1694,580
HP Omen,2024-04-14,10370,161268,134650,13548,5523,5314,2529,1154
Legion 5 Gen 10,2024-04-15,10316,121149,93222,9536,3851,3625,1798,824
Lenovo LOQ Gen 10,2024-04-15,9215,132072,90556,9842,5676,3391,2305,954
Apple 2025 MacBook Air,2024-04-15,11899,111387,83692,6783,4023,2759,1488,637
HP Omen,2024-04-15,10477,126525,82680,9351,5190,3599,2170,727
Legion 5 Gen 10,2024-04-16,10749,142081,86157,10088,5849,3361,2534,799
Lenovo LOQ Gen 10,2024-04-16,9413,132224,80283,8479,5224,3290,2691,569
Apple 2025 MacBook Air,2024-04-16,11034,130594,86440,9557,5033,3034,2555,777
HP Omen,2024-04-16,11477,122342,84480,8338,4857,3497,2564,857
Legion 5 Gen 10,2024-04-17,11585,139517,96262,8695,5698,3454,2070,622
Lenovo LOQ Gen 10,2024-04-17,8834,133023,95326,9040,5464,3306,2193,658
Apple 2025 MacBook Air,2024-04-17,12575,139883,102715,9892,4597,3219,2268,753
HP Omen,2024-04-17,9874,122186,79392,9476,5115,3054,2230,444
Legion 5 Gen 10,2024-04-18,10129,120998,91007,10689,5746,2958,1822,646
Lenovo LOQ Gen 10,2024-04-18,9947,129262,83026,10178,5278,3976,2542,626
Apple 2025 MacBook Air,2024-04-18,12801,122150,88925,8352,3664,3832,2295,575
HP Omen,2024-04-18,10385,141304,102097,11033,5234,4698,2175,879
Legion 5 Gen 10,2024-04-19,10155,134084,79552,9659,4495,4159,2682,845
Lenovo LOQ Gen 10,2024-04-19,9816,101289,81140,8623,4251,2746,2008,641
Apple 2025 MacBook Air,2024-04-19,11690,95160,71409,8332,3200,3198,1497,597
HP Omen,2024-04-19,11320,103938,67463,7950,3986,2963,1695,592
Legion 5 Gen 10,2024-04-20,11836,156026,96453,12700,5755,3970,2126,988
Lenovo LOQ Gen 10,2024-04-20,9875,199226,128745,14392,6156,6318,4024,1066
Apple 2025 MacBook Air,2024-04-20,12993,177870,111564,10348,6013,4375,3523,1030
HP Omen,2024-04-20,10524,151027,108383,10777,5726,4846,2076,951
Legion 5 Gen 10,2024-04-21,11009,189466,121807,11850,7750,5782,3427,812
Lenovo LOQ Gen 10,2024-04-21,9088,194858,115189,13268,7859,6203,2830,917
Apple 2025 MacBook Air,2024-04-21,12617,134445,109782,9508,5920,4668,2592,899
HP Omen,2024-04-21,10224,141162,98454,11521,5607,4312,2739,896
Legion 5 Gen 10,2024-04-22,10101,150610,99632,12468,5680,4512,2949,574
Lenovo LOQ Gen 10,2024-04-22,9973,139258,88441,9404,4321,4470,3071,875
Apple 2025 MacBook Air,2024-04-22,11782,94636,72976,7639,3091,2713,1541,336
HP Omen,2024-04-22,11338,103833,74243,6449,4789,2667,2125,504
Legion 5 Gen 10,2024-04-23,11916,147382,93518,8983,5995,3748,2508,703
Lenovo LOQ Gen 10,2024-04-23,9667,118278,79309,7106,5156,3166,2209,534
Apple 2025 MacBook Air,2024-04-23,12374,116359,87189,7729,4225,2548,1996,681
HP Omen,2024-04-23,10451,110751,80086,8260,5014,3738,1662,732
Legion 5 Gen 10,2024-04-24,10140,134534,80886,10718,5216,4028,2308,766
Lenovo LOQ Gen 10,2024-04-24,10160,147742,115291,10530,6207,3656,2996,639
Apple 2025 MacBook Air,2024-04-24,11856,127919,92921,9827,4344,3577,2538,520
HP Omen,2024-04-24,10130,123840,89868,7774,5006,3433,2242,580
Legion 5 Gen 10,2024-04-25,11100,127817,88225,9002,4812,4382,2625,769
Lenovo LOQ Gen 10,2024-04-25,9897,113925,86550,8429,4539,3608,2130,698
Apple 2025 MacBook Air,2024-04-25,11743,124394,87881,8946,3581,3155,1857,780
HP Omen,2024-04-25,11304,136666,91758,9494,4846,3623,2513,683
